[{"assetType":"Alias","assetObject":{"name":"MicroServiceAlias","id":"a75b235d-9923-44cf-9887-cefcf3557822","status":"Success","explanation":"OK"}},{"assetType":"API","assetObject":{"name":"Product[1.0]","id":"dda7a194-dced-4c2f-912f-4bd85a3ba965","status":"Success","explanation":"OK"}},{"assetType":"PolicyAction","assetObject":{"name":"Policy Action [Enable HTTP / HTTPS] -> Policy For API Product[1.0]","id":"4e0548cd-1806-4328-bb9a-6401a1028062","status":"Success","explanation":"OK"}},{"assetType":"PolicyAction","assetObject":{"name":"Policy Action [Log Invocation] -> Policy For API Product[1.0]","id":"9d022abc-9bff-4624-9757-efc1b12548ad","status":"Success","explanation":"OK"}},{"assetType":"Policy","assetObject":{"name":"Policy For API Product[1.0]","id":"177c0b37-28f1-43df-9766-447afdf0f582","status":"Success","explanation":"OK"}},{"assetType":"PolicyAction","assetObject":{"name":"Policy Action [Straight Through Routing] -> Policy For API Product[1.0]","id":"fe791f91-2889-4c4a-ba8c-78aecfbf7965","status":"Success","explanation":"OK"}}]