[{"assetType":"API","assetObject":{"name":"Product[1.0]","id":"f8fe6c6f-a046-4562-bccb-070439c14c9a","status":"Success","explanation":"OK"}},{"assetType":"PolicyAction","assetObject":{"name":"Policy Action [Straight Through Routing] -> Policy For API Product[1.0]","id":"1685b813-24ed-45c9-a06d-fe6f0608bc4c","status":"Success","explanation":"OK"}},{"assetType":"Policy","assetObject":{"name":"Policy For API Product[1.0]","id":"d938ef67-367d-4c4a-af38-c224e385158a","status":"Success","explanation":"OK"}},{"assetType":"PolicyAction","assetObject":{"name":"Policy Action [Enable HTTP / HTTPS] -> Policy For API Product[1.0]","id":"7a38bb4e-cdb0-42c1-918a-acbfe1a58e1f","status":"Success","explanation":"OK"}}]