[{"assetType":"AdministratorSetting","assetObject":{"name":"API Gateway","id":"gatewayDestinationConfig","status":"Success","explanation":"OK"}},{"assetType":"API","assetObject":{"name":"product-service[1.0]","id":"feacb319-8989-4931-8aa9-abb25ff4ebaf","status":"Success","explanation":"OK"}},{"assetType":"PolicyAction","assetObject":{"name":"Policy Action [Straight Through Routing] -> Policy For API product-service[1.0]","id":"2f798004-44ca-49fd-825d-b5583a9ef30c","status":"Success","explanation":"OK"}},{"assetType":"AdministratorSetting","assetObject":{"name":"Extended settings","id":"extended","status":"Success","explanation":"OK"}},{"assetType":"AdministratorSetting","assetObject":{"name":"Service fault","id":"errorProcessing","status":"Success","explanation":"OK"}},{"assetType":"PolicyAction","assetObject":{"name":"Policy Action [Enable HTTP / HTTPS] -> Policy For API product-service[1.0]","id":"ad18214b-b167-4367-99fe-9d3f0adaeea2","status":"Success","explanation":"OK"}},{"assetType":"Policy","assetObject":{"name":"Policy For API product-service[1.0]","id":"ac077f9b-31e2-4fd9-b325-a6dafb34e803","status":"Success","explanation":"OK"}},{"assetType":"AdministratorSetting","assetObject":{"name":"Elasticsearch","id":"elasticsearchDestinationConfig","status":"Success","explanation":"OK"}},{"assetType":"Alias","assetObject":{"name":"MicroServiceAlias","id":"a75b235d-9923-44cf-9887-cefcf3557822","status":"Success","explanation":"OK"}}]